{
    "users": [
        {
            "id": 1,
            "name": "Ivan Larios",
            "age": 27,
            "description": "Desarrollador fullstack",
            "avatar": "https://ideapod.com/wp-content/uploads/2017/08/person-1.jpg",
            "work": "Project manager"
          },
          {
            "id": 2,
            "name": "Lucia Morales",
            "age": 19,
            "description": "Diseñador",
            "avatar": "https://image.freepik.com/free-photo/secretary-office_1098-15673.jpg"
          },
          {
            "id": 3,
            "name": "Maria Suarez",
            "age": 27,
            "description": "Desarrollador back",
            "avatar": "https://img.freepik.com/free-photo/secretary-holding-pen_1098-3215.jpg?size=626&ext=jpg"
          },
          {
            "id": 4,
            "name": "Hector Larios",
            "age": 20,
            "description": "Desarrollador front",
            "avatar": "https://www.careerfaqs.com.au/wp-content/uploads/2018/10/How_to_become_a_secretary_612px.jpg"
          },
          {
            "id": 5,
            "name": "Martin Suñiga",
            "age": 19,
            "description": "Diseñador",
            "avatar": "https://i.dailymail.co.uk/i/pix/scaled/2013/10/14/article-2458385-04E255CA00000514-411_636x382.jpg"
          },
          {
            "id": 6,
            "name": "Francisco Lopez",
            "age": 27,
            "description": "Desarrollador back",
            "avatar": "https://www.glassdoor.com/blog/app/uploads/sites/2/iStock-143175643.jpg"
          },
          {
            "id": 7,
            "name": "Lucia Montalvo",
            "age": 20,
            "description": "Desarrollador front",
            "avatar": "https://images.wisegeek.com/woman-at-desk-with-paper.jpg"
          }
    ]
}